コード,銘柄名,現在値,前日差額,前日比率,VWAP,当日出来高,5分前出来高,列2,20日平均出来高,RVOL,補正RVOL,判定,ボルト判定,ボルト回数,20MA,区分,A3,補正A3,ギャップ比,PER,営業PEG,PSR,ROE,営業利益率(予）,利益成長率,合計成長率,ネットキャッシュ率,信用倍率,配当,配当率
4498,サイバートラスト,1306,,3.3 ,1303 ,208200 ,,,108820 ,1.91 ,5.74 ,,,6 ,,0,81,196 ,2.32 ,17.34,1.36 ,0.26 ,16.55 ,20.11 ,12.73 ,23.37 ,50.8 ,27.55,,1.07%
436A,サイバーソリューションズ,1895,,14.1 ,1905 ,552700 ,,,419765 ,1.32 ,3.95 ,,,,↑↑,1,336,633 ,2.82 ,25.06 ,1.25 ,0.85 ,28.09 ,45.00 ,20.00 ,33.31 ,41.9 ,49.63,,2.01%
3753,フライトソリューションズ,239,,5.3 ,236 ,168600 ,,,143505 ,1.17 ,3.52 ,🚀買い,,,↑↓,1,177,311 ,4.10 ,14.66 ,0.29 ,0.12 ,35.20 ,7.55 ,50.00 ,121.67 ,-11.3 ,0,,0.00%
4417,グローバルセキュ,6280,,7.2 ,6119 ,145800 ,,,137735 ,1.06 ,3.18 ,,,,↑↑,1,382,631 ,3.09 ,35.3,1.13 ,0.87 ,60.82 ,21.30 ,31.25 ,56.70 ,0.3 ,373.6,,0.78%
3692,ＦＦＲＩセキュリティ,9510,,12.4 ,9359 ,484700 ,,,478090 ,1.01 ,3.04 ,,,,↑↑,0,105,169 ,1.81 ,59.21,8.95 ,1.79 ,33.63 ,28.21 ,6.62 ,24.78 ,56.6 ,2.65,,0.19%
3968,セグエグループ,785,,4.0 ,775 ,368100 ,,,432135 ,0.85 ,2.56 ,,,,↑↑,1,130,191 ,3.56 ,16.84,0.42 ,0.12 ,22.51 ,8.67 ,40.54 ,60.06 ,-7.6 ,15.69,,2.29%
4258,網屋,6350,,4.8 ,6289 ,72000 ,,,105950 ,0.68 ,2.04 ,,,,↑↑,0,85,111 ,2.45 ,50.15,3.51 ,0.94 ,44.65 ,17.14 ,14.29 ,32.13 ,52.1 ,1.35,,0.31%
6407,ＣＫＤ,5790,,-2.4 ,5713 ,357300 ,,,538195 ,0.66 ,1.99 ,,,,,1,128,166 ,4.11 ,19.35,0.43 ,0.25 ,13.02 ,14.77 ,45.41 ,67.64 ,3.8 ,15.09,,2.07%
3040,ソリトンシステムズ,2875,,1.2 ,2868 ,111500 ,,,168680 ,0.66 ,1.98 ,,,,↑↑,1,205,265 ,3.94 ,19.97,0.54 ,0.29 ,18.78 ,17.49 ,37.32 ,49.95 ,26.2 ,645.8,,2.50%
4107,伊勢化学工業,3840,,-2.2 ,3908 ,103200 ,,,173500 ,0.59 ,1.78 ,,,,,0,181,224 ,1.04 ,36.22 ,,0.50 ,12.87 ,21.05 ,-15.61 ,-18.92 ,7.8 ,0,,1.04%
4390,ＩＰＳ,3390,,-1.3 ,3404 ,51900 ,,,89995 ,0.58 ,1.73 ,,,,↓↓,0,263,321 ,1.83 ,11.75,0.78 ,0.26 ,20.00 ,30.75 ,15.08 ,33.32 ,-17.8 ,5.11,,1.18%
9560,プログリット,885,,-1.2 ,881 ,12700 ,,,22820 ,0.56 ,1.67 ,,,,,1,537,645 ,2.99 ,10.3,0.49 ,0.20 ,42.23 ,19.08 ,20.83 ,53.01 ,70.6 ,9.21,,2.49%
1926,ライト工業,927,,-1.9 ,936 ,157900 ,,,315775 ,0.50 ,1.50 ,,,,,0,64,74 ,1.11 ,12.89,-7.39 ,0.11 ,13.42 ,12.25 ,-1.74 ,-2.61 ,22.4 ,10.58,,3.94%
155A,情報戦略テクノロジー,787,,3.7 ,776 ,25700 ,,,51595 ,0.50 ,1.49 ,,,,↓↓,1,133,153 ,3.62 ,14.82 ,0.40 ,0.11 ,28.14 ,7.07 ,36.89 ,70.31 ,9.8 ,105.8,,0.00%
3038,神戸物産,2940,,0.4 ,2931 ,1137800 ,,,2356355 ,0.48 ,1.45 ,,,,,0,18,20 ,1.83 ,20.58 ,2.65 ,0.15 ,18.85 ,7.59 ,7.77 ,10.45 ,38.6 ,0.62,,1.09%
2516,東証グロース２５０ＥＴＦ,640,,0.0 ,642 ,129580 ,,,278968 ,0.46 ,1.39 ,,,,,0,0,0 ,,0.00 ,0.00 ,####,,0.00 ,0.00 ,#DIV/0!,0.0 ,1.51,,0.00%
3083,スターシーズ,1131,,2.2 ,1132 ,160500 ,,,352120 ,0.46 ,1.37 ,,,,,0,52,58 ,4.79 ,16.08 ,0.03 ,0.11 ,21.33 ,3.67 ,494.59 ,683.06 ,20.0 ,0,,0.88%
8766,東京海上ＨＤ,515.8,,0.0 ,514 ,19469800 ,,,43752680 ,0.44 ,1.33 ,,,,↓↓,0,105,116 ,4.48 ,17.60 ,0.27 ,0.19 ,10.34 ,15.22 ,64.40 ,69.69 ,6.7 ,20.77,,3.17%
8789,フィンテックグローバル,154,,-1.3 ,155 ,457500 ,,,1056630 ,0.43 ,1.30 ,,,,,0,634,691 ,2.30 ,6.18 ,0.27 ,0.22 ,35.11 ,27.10 ,23.17 ,30.81 ,-19.1 ,12.05,,3.25%
5706,三井金属,2771,,-0.2 ,2794 ,2996100 ,,,7109995 ,0.42 ,1.26 ,,,,↑↓,0,61,66 ,0.97 ,18.64,-0.66 ,0.21 ,20.60 ,11.06 ,-28.19 ,-16.13 ,-8.0 ,11.62,,0.87%
6269,三井海洋開発,8558,,-2.7 ,8615 ,240200 ,,,643505 ,0.37 ,1.12 ,,,,,0,37,38 ,1.51 ,10.08,1.97 ,0.08 ,21.63 ,10.00 ,5.11 ,5.51 ,27.9 ,37.89,,2.34%
290A,ＳＹＮＳＰＥＣＴＩＶＥ,1445,,-3.7 ,1468 ,350500 ,,,954780 ,0.37 ,1.10 ,,,,,0,20,21 ,3.15 ,74.87,2.33 ,8.16 ,7.01 ,-86.14 ,32.13 ,198.93 ,0.0 ,0,,0.00%
8704,トレイダーズＨＬＤＧＳ,1347,,-1.7 ,1348 ,30400 ,,,84885 ,0.36 ,1.07 ,,,,,0,685,700 ,1.95 ,7.30 ,0.54 ,0.30 ,24.66 ,44.59 ,13.64 ,32.58 ,4.3 ,34.37,,3.34%
3496,アズーム,4445,,-3.1 ,4480 ,16200 ,,,45290 ,0.36 ,1.07 ,,,,,1,172,176 ,2.98 ,24.92 ,1.20 ,0.41 ,33.55 ,18.53 ,20.69 ,46.62 ,63.8 ,0,,2.83%
5805,ＳＷＣＣ,2810,,-4.6 ,2845 ,236100 ,,,666790 ,0.35 ,1.06 ,,,,↑↑,0,96,98 ,2.40 ,17.49 ,0.84 ,0.16 ,24.13 ,10.00 ,20.88 ,39.71 ,#DIV/0!,17,,2.21%
6627,テラプローブ,2625,,-3.0 ,2612 ,82900 ,,,236395 ,0.35 ,1.05 ,,,,↑↑,1,259,263 ,3.97 ,19.90 ,0.24 ,0.29 ,14.07 ,27.58 ,83.35 ,125.08 ,-16.8 ,10082,,0.84%
5885,ジーデップ・アドバンス,3045,,-3.3 ,3069 ,10700 ,,,30645 ,0.35 ,1.05 ,,,,,1,209,212 ,4.02 ,20.16 ,0.60 ,0.25 ,23.51 ,16.12 ,33.33 ,38.16 ,72.2 ,4.28,,1.58%
6701,日本電気,5071,,0.4 ,5132 ,1841400 ,,,5322510 ,0.35 ,1.04 ,,,,,0,86,87 ,1.01 ,23.59,,0.19 ,12.97 ,9.89 ,-2.75 ,-3.87 ,3.8 ,18.27,,0.79%
6613,ＱＤレーザ,2233,,-0.9 ,2278 ,672800 ,,,1968200 ,0.34 ,1.03 ,,,,,0,1,1 ,1.00 ,240.10 ,,6.87 ,7.96 ,0.16 ,-100.92 ,-65.88 ,,235,,0.00%
7012,川崎重工業,2296,,-3.3 ,2310 ,3545900 ,,,10407970 ,0.34 ,1.02 ,,,,,0,14,14 ,1.71 ,17.42 ,1.62 ,0.09 ,12.51 ,5.46 ,10.78 ,21.60 ,,28.73,,1.74%
3498,霞ヶ関キャピタル,7540,,-3.1 ,7614 ,132700 ,,,392685 ,0.34 ,1.01 ,,,,↑↑,1,311,312 ,3.73 ,7.71 ,0.17 ,0.19 ,27.63 ,16.86 ,46.03 ,115.67 ,-16.5 ,8.28,,2.65%
6327,北川精機,3270,,-5.5 ,3284 ,62700 ,,,187985 ,0.33 ,1.00 ,,,,,0,60,60 ,3.85 ,32.99,0.91 ,0.44 ,12.82 ,12.88 ,36.22 ,42.16 ,23.7 ,0,,0.76%
338A,ＺＥＮＭＵＴＥＣＨ,5640,,13.0 ,5584 ,467400 ,,,1404350 ,0.33 ,1.00 ,,,,,0,65,65 ,2.25 ,51.22,4.34 ,1.80 ,39.34 ,14.91 ,11.81 ,38.57 ,53.3 ,14.71,,0.00%
4475,ＨＥＮＮＧＥ,1820,,3.9 ,1815 ,247200 ,,,755180 ,0.33 ,0.98 ,,,,,0,100,99 ,2.50 ,35.47,2.35 ,0.54 ,43.64 ,16.09 ,15.08 ,32.51 ,68.4 ,1.9,,0.60%
3077,ホリイフードサービス,1479,,-2.9 ,1469 ,7800 ,,,24490 ,0.32 ,0.96 ,,,,,1,240,237 ,4.27 ,16.14 ,0.09 ,0.32 ,47.21 ,7.63 ,185.23 ,258.22 ,-3.2 ,0,,0.00%
7740,タムロン,1506,,-2.8 ,1519 ,151800 ,,,484470 ,0.31 ,0.94 ,,,,,0,67,66 ,2.04 ,17.75 ,1.55 ,0.30 ,15.32 ,20.33 ,11.45 ,18.38 ,32.4 ,6.66,,3.39%
464A,ＱＰＳホールディングス,1540,,-4.1 ,1557 ,301100 ,,,967620 ,0.31 ,0.93 ,,,,,0,80,78 ,,45.42 ,,####,5.97 ,,#DIV/0!,#DIV/0!,,41.84,,0.00%
3003,ヒューリック,1649,,-0.9 ,1652 ,626500 ,,,2036010 ,0.31 ,0.92 ,,,,,0,123,120 ,1.55 ,10.34 ,0.83 ,0.17 ,12.77 ,24.00 ,12.42 ,32.71 ,-55.8 ,8.89,,4.06%
5033,ヌーラボ,1281,,3.2 ,1279 ,17600 ,,,57320 ,0.31 ,0.92 ,,,,↑↑,1,255,249 ,5.41 ,14.82,0.18 ,0.19 ,27.80 ,13.74 ,83.10 ,90.84 ,65.9 ,4.15,,0.00%
7013,ＩＨＩ,2596,,-3.5 ,2608 ,3406200 ,,,11574260 ,0.29 ,0.88 ,,,,,1,246,237 ,3.72 ,14.98 ,0.33 ,0.17 ,28.10 ,13.11 ,45.02 ,56.60 ,-13.8 ,41.02,,0.89%
3350,メタプラネット,265,,-7.0 ,267 ,6649500 ,,,23507890 ,0.28 ,0.85 ,,,,,1,168,160 ,4.15 ,0.00 ,0.00 ,4.00 ,7.07 ,71.25 ,81.24 ,160.81 ,-8.2 ,41.45,,0.00%
4704,トレンドマイクロ,7142,,2.6 ,7079 ,353800 ,,,1254180 ,0.28 ,0.85 ,,,,,0,331,316 ,1.25 ,30.19,,0.36 ,26.53 ,18.71 ,-2.42 ,6.82 ,54.6 ,8.23,,2.31%
6622,ダイヘン,2887,,-2.4 ,2895 ,145800 ,,,534390 ,0.27 ,0.82 ,,,,,0,51,48 ,2.92 ,20.65 ,0.63 ,0.15 ,10.70 ,8.93 ,32.98 ,50.77 ,-16.2 ,41.21,,1.45%
8473,ＳＢＩホールディングス,2969,,-2.3 ,2993 ,929500 ,,,3409430 ,0.27 ,0.82 ,,,,,0,108,102 ,1.13 ,5.81 ,11.10 ,0.10 ,18.24 ,53.38 ,0.52 ,1.05 ,17.1 ,111.8,,3.20%
6574,コンヴァノ,127,,-3.1 ,128 ,204300 ,,,750245 ,0.27 ,0.82 ,,,,↑↑,1,1327,1254 ,4.62 ,9.76 ,0.02 ,0.42 ,59.53 ,33.43 ,460.00 ,532.90 ,13.5 ,0,,0.79%
5713,住友鉱山,9243,,-4.2 ,9276 ,657000 ,,,2413870 ,0.27 ,0.82 ,,,,,0,30,28 ,1.53 ,10.79 ,1.36 ,0.15 ,11.12 ,10.98 ,7.95 ,16.00 ,,10.57,,3.25%
3825,リミックスポイント,244,,-0.8 ,243 ,291400 ,,,1072885 ,0.27 ,0.81 ,,,,,1,165,156 ,4.44 ,8.32 ,0.17 ,0.20 ,17.91 ,13.78 ,50.00 ,224.03 ,5.4 ,0,,1.23%
5591,ＡＶＩＬＥＮ,809,,-1.8 ,812 ,4700 ,,,17410 ,0.27 ,0.81 ,,,,,1,195,184 ,3.33 ,22.47 ,0.75 ,0.30 ,26.44 ,16.64 ,29.93 ,58.07 ,22.2 ,0,,0.00%
6298,ワイエイシイホールディングス,1235,,-2.0 ,1238 ,30300 ,,,112765 ,0.27 ,0.81 ,,,,,0,75,71 ,3.81 ,10.86 ,0.07 ,0.09 ,11.88 ,9.43 ,150.00 ,182.08 ,-23.2 ,5.11,,3.64%
7746,岡本硝子,880,,-3.4 ,885 ,343800 ,,,1280660 ,0.27 ,0.81 ,,,,,0,1,1 ,3.00 ,338.46,6.77 ,0.58 ,2.87 ,2.22 ,50.00 ,67.34 ,-28.6 ,3.92,,0.00%
421A,ムービン・ストラテジック・キ,4205,,1.6 ,4193 ,12600 ,,,47280 ,0.27 ,0.80 ,,,,,1,1264,1188 ,5.42 ,18.05 ,0.35 ,0.94 ,41.33 ,45.86 ,51.14 ,103.77 ,86.0 ,0,,0.00%
7011,三菱重工業,3699,,-2.9 ,3726 ,4273200 ,,,16100875 ,0.27 ,0.80 ,,,,,0,12,11 ,1.75 ,32.70 ,3.78 ,0.25 ,12.29 ,9.05 ,8.65 ,17.30 ,12.9 ,25.7,,0.78%
6264,マルマエ,2151,,-1.2 ,2150 ,120200 ,,,461280 ,0.26 ,0.78 ,,,,,1,523,489 ,3.68 ,18.49 ,0.06 ,0.54 ,30.61 ,25.63 ,290.48 ,471.18 ,-36.4 ,35.07,,2.09%
7721,東京計器,7020,,-4.6 ,7117 ,70400 ,,,272140 ,0.26 ,0.78 ,,,,,0,57,53 ,3.02 ,21.36,0.70 ,0.20 ,11.84 ,10.00 ,30.60 ,44.98 ,#DIV/0!,12.23,,0.68%
9501,東京電力ＨＤ,509.1,,-1.5 ,509 ,8946700 ,,,34841330 ,0.26 ,0.77 ,,,,,0,26,24 ,1.00 ,3.26 ,,0.01 ,10.43 ,3.71 ,-26.62 ,-20.97 ,,61.38,,0.00%
6920,レーザーテック,46930,,0.5 ,46180 ,1011400 ,,,4027980 ,0.25 ,0.75 ,,,,↑↑,1,389,360 ,3.49 ,46.73 ,1.49 ,1.92 ,36.46 ,47.66 ,31.37 ,57.24 ,26.1 ,1.8,,0.75%
8058,三菱商事,4527,,-3.2 ,4556 ,1910400 ,,,7639165 ,0.25 ,0.75 ,,,,,0,3,3 ,1.00 ,14.05 ,42.01 ,0.09 ,12.46 ,2.07 ,0.33 ,7.80 ,-19.3 ,7.84,,2.76%
5711,三菱マテリアル,4850,,-3.5 ,4876 ,387700 ,,,1554515 ,0.25 ,0.75 ,,,,,0,69,64 ,3.93 ,4.52,0.04 ,0.03 ,19.03 ,5.42 ,114.88 ,145.31 ,-17.7 ,70.65,,2.39%
285A,キオクシアホールディングス,18480,,3.2 ,18358 ,8047900 ,,,32280240 ,0.25 ,0.75 ,,,,↑↑,1,19151,17703 ,3.88 ,5.96 ,0.01 ,1.30 ,363.09 ,79.12 ,787.64 ,1105.48 ,-21.1 ,19.53,,0.00%
7059,コプロ・ホールディングス,907,,-0.9 ,911 ,27600 ,,,113230 ,0.24 ,0.73 ,,,,,0,13,12 ,1.23 ,20.94,3.04 ,0.10 ,16.76 ,6.72 ,6.89 ,64.11 ,-42.9 ,242.8,,5.51%
9768,いであ,3630,,-1.5 ,3649 ,2400 ,,,9885 ,0.24 ,0.73 ,,,,,0,20,18 ,1.45 ,10.79,1.64 ,0.11 ,7.60 ,13.23 ,6.58 ,11.05 ,0.0 ,0,,3.25%
2326,デジタルアーツ,5380,,0.9 ,5360 ,34600 ,,,143690 ,0.24 ,0.72 ,,,,↑↑,0,204,187 ,2.31 ,19.15 ,1.50 ,0.70 ,20.47 ,45.00 ,12.73 ,23.85 ,82.8 ,12.82,,1.86%
2768,双日,5323,,-2.4 ,5358 ,278700 ,,,1161305 ,0.24 ,0.72 ,,,,,0,18,16 ,0.83 ,8.51,,0.04 ,11.87 ,2.26 ,0.00 ,0.00 ,-31.6 ,70.23,,3.38%
3482,ロードスターキャピタル,2425,,-1.0 ,2428 ,21700 ,,,90530 ,0.24 ,0.72 ,,,,,0,487,446 ,1.95 ,5.34,0.28 ,0.12 ,25.66 ,28.47 ,19.40 ,45.41 ,-44.4 ,30.95,,4.04%
6871,日本マイクロニクス,16640,,-0.7 ,16527 ,292300 ,,,1229710 ,0.24 ,0.71 ,,,,,1,508,464 ,4.56 ,28.05,0.31 ,0.95 ,25.17 ,30.25 ,90.30 ,138.17 ,10.7 ,5.71,,1.07%
6702,富士通,4114,,-0.3 ,4103 ,1598700 ,,,6801995 ,0.24 ,0.71 ,,,,,0,51,46 ,2.41 ,22.90 ,1.20 ,0.20 ,15.37 ,11.82 ,19.15 ,19.44 ,13.2 ,15.27,,1.34%
200A,ＮＦ日経半導体株,4808,,0.2 ,4784 ,367902 ,,,1575932 ,0.23 ,0.70 ,,,,,0,0,0 ,,0,,####,,,#DIV/0!,#DIV/0!,,21.94,,0.00%
5401,日本製鉄,628.8,,-1.9 ,631 ,6860200 ,,,30788095 ,0.22 ,0.67 ,,,,,0,17,15 ,3.71 ,11.32 ,0.09 ,0.03 ,5.21 ,4.88 ,125.20 ,136.09 ,-32.0 ,22.96,,3.82%
8303,ＳＢＩ新生銀行,1454,,-1.3 ,1455 ,719000 ,,,3238735 ,0.22 ,0.67 ,,,,,0,39,35 ,1.95 ,13.57 ,1.17 ,0.17 ,7.74 ,17.77 ,11.60 ,11.72 ,17.7 ,64.07,,2.89%
6326,クボタ,2639,,-4.9 ,2664 ,954200 ,,,4328280 ,0.22 ,0.66 ,,,,,0,84,75 ,3.68 ,10.28,0.20 ,0.10 ,10.31 ,12.20 ,50.66 ,59.27 ,-31.7 ,3.11,,1.97%
2656,ベクターホールディングス,146,,-2.7 ,148 ,58300 ,,,265600 ,0.22 ,0.66 ,,,,↑↓,1,625,561 ,5.10 ,14.17,0.28 ,3.10 ,29.71 ,31.54 ,50.00 ,783.33 ,35.3 ,0,,0.00%
5631,日本製鋼所,7011,,-3.6 ,7056 ,200400 ,,,917090 ,0.22 ,0.66 ,,,,,0,10,9 ,1.40 ,24.58,3.66 ,0.19 ,9.85 ,8.71 ,6.72 ,19.49 ,#DIV/0!,25.6,,1.31%
8031,三井物産,4705,,-4.1 ,4749 ,1296700 ,,,5972170 ,0.22 ,0.65 ,,,,,0,23,21 ,1.04 ,13.43,,0.10 ,11.32 ,3.04 ,0.00 ,0.00 ,4.7 ,38.2,,2.98%
3132,マクニカホールディングス,4381,,-0.9 ,4393 ,211400 ,,,975430 ,0.22 ,0.65 ,,,,,0,18,16 ,2.61 ,21.92 ,0.92 ,0.06 ,12.77 ,4.00 ,23.81 ,31.25 ,-3.1 ,8.13,,1.83%
6324,ハーモニック・ドライブ・シス,6400,,-3.5 ,6448 ,199200 ,,,929670 ,0.21 ,0.64 ,,,,,0,32,29 ,4.41 ,100.94,0.71 ,1.03 ,7.46 ,9.12 ,141.25 ,155.34 ,5.3 ,1.18,,0.31%
1357,ＮＦ日経ダブインバ,2422,,1.4 ,2418 ,1716075 ,,,8086606 ,0.21 ,0.64 ,,,,,0,0,0 ,,0.00 ,0.00 ,0.00 ,0.00 ,,0.00 ,0.00 ,0.0 ,4.78,,0.00%
186A,アストロスケールホールディンク,1171,,-3.3 ,1182 ,848300 ,,,4018005 ,0.21 ,0.63 ,,,,↑↑,0,924,822 ,0.99 ,0,0.00 ,2.80 ,138.53 ,,-100.00 ,-200.00 ,-1.9 ,2.02,,0.00%
6227,ＡＩメカテック,8640,,0.6 ,8617 ,255800 ,,,1228260 ,0.21 ,0.62 ,,,,↑↑,1,209,185 ,2.79 ,32.5,1.05 ,0.46 ,34.49 ,19.03 ,30.98 ,44.62 ,-17.3 ,2.49,,0.25%
3984,ユーザーローカル,1513,,-1.4 ,1508 ,15800 ,,,79185 ,0.20 ,0.60 ,,,,,0,172,151 ,2.27 ,15.74 ,1.29 ,0.53 ,15.95 ,41.86 ,12.18 ,27.47 ,85.8 ,5.79,,1.98%
6098,リクルートホールディングス,17430,,2.5 ,17430 ,843300 ,,,4227825 ,0.20 ,0.60 ,,,,,1,560,493 ,4.79 ,31.93 ,0.64 ,0.69 ,48.14 ,22.34 ,49.86 ,64.18 ,21.7 ,1.29,,0.15%
1605,ＩＮＰＥＸ,3554,,-2.6 ,3582 ,1079000 ,,,5428255 ,0.20 ,0.60 ,,,,,0,337,296 ,0.93 ,8.05 ,,2.23 ,9.94 ,50.79 ,-15.79 ,-21.76 ,-13.8 ,19.77,,3.15%
3556,リネットジャパングループ,768,,-0.1 ,766 ,6600 ,,,33515 ,0.20 ,0.59 ,,,,,1,407,357 ,3.69 ,13.28 ,0.03 ,0.11 ,58.21 ,10.49 ,464.78 ,520.55 ,-34.7 ,2871,,0.00%
3088,マツキヨココカラ＆カンパニー,2435,,-0.2 ,2451 ,328000 ,,,1668800 ,0.20 ,0.59 ,,,,,0,9,8 ,1.22 ,15.93,5.20 ,0.09 ,11.17 ,7.54 ,3.06 ,6.63 ,,5.72,,2.30%
5532,リアルゲイト,3320,,-2.6 ,3364 ,3100 ,,,15790 ,0.20 ,0.59 ,,,,↓↓,0,116,102 ,3.18 ,28.35,0.69 ,0.22 ,17.00 ,14.00 ,41.35 ,48.60 ,-60.8 ,0,,0.00%
4420,イーソル,819,,0.0 ,819 ,61900 ,,,316845 ,0.20 ,0.59 ,,,,↓↓,0,18,16 ,3.94 ,34.41,1.02 ,0.14 ,7.61 ,7.41 ,33.74 ,55.23 ,37.8 ,368.2,,0.18%
4058,トヨクモ,2169,,-1.9 ,2176 ,5100 ,,,26230 ,0.19 ,0.58 ,,,,↓↓,1,668,584 ,3.79 ,16.78,0.55 ,0.49 ,31.59 ,35.00 ,30.43 ,53.89 ,67.4 ,21.16,,1.24%
1540,純金上場信託,19435,,-0.6 ,19444 ,40720 ,,,209992 ,0.19 ,0.58 ,,,,,0,0,0 ,,0.00 ,0.00 ,0.00 ,0.00 ,,0.00 ,0.00 ,0.0 ,71.09,,0.00%
1803,清水建設,2033,,-2.6 ,2053 ,909900 ,,,4693525 ,0.19 ,0.58 ,,,,,0,75,66 ,2.93 ,8.27,0.29 ,0.07 ,17.05 ,6.62 ,28.90 ,41.03 ,#DIV/0!,58.74,,3.79%
215A,タイミー,1430,,-0.4 ,1443 ,487900 ,,,2555510 ,0.19 ,0.57 ,,,,,1,532,464 ,4.46 ,21.93,0.15 ,0.69 ,40.81 ,19.54 ,146.72 ,275.77 ,6.1 ,23.82,,0.00%
4568,第一三共,2683,,-0.7 ,2711 ,1119500 ,,,5964025 ,0.19 ,0.56 ,,,,,1,143,124 ,3.56 ,18.64 ,0.50 ,0.24 ,15.50 ,13.82 ,37.49 ,45.04 ,3.7 ,44.4,,3.73%
3964,オークネット,1330,,-2.1 ,1338 ,72900 ,,,392965 ,0.19 ,0.56 ,,,,,1,236,205 ,2.71 ,15.48,0.59 ,0.20 ,26.29 ,16.00 ,26.09 ,43.02 ,-2.4 ,2.65,,6.17%
9564,ＦＣＥ,555,,-1.6 ,558 ,7000 ,,,37815 ,0.19 ,0.56 ,,,,↓↓,1,193,167 ,3.23 ,14.12,0.59 ,0.20 ,20.54 ,16.62 ,23.90 ,35.38 ,50.8 ,0,,1.98%
5714,ＤＯＷＡホールディングス,8432,,-2.8 ,8479 ,78000 ,,,422540 ,0.18 ,0.55 ,,,,,0,48,42 ,4.25 ,8.45,0.15 ,0.07 ,12.90 ,5.63 ,54.97 ,81.21 ,-5.2 ,67.46,,4.15%
3696,セレス,2262,,-1.7 ,2267 ,21700 ,,,117825 ,0.18 ,0.55 ,,,,↑↑,1,300,260 ,4.55 ,4.35 ,0.07 ,0.09 ,45.06 ,10.00 ,58.80 ,83.38 ,9.8 ,6.24,,3.98%
5537,ＡＬＢＡＬＩＮＫ,3980,,-0.8 ,3939 ,10600 ,,,57595 ,0.18 ,0.55 ,,,,,1,481,416 ,3.29 ,22.57,0.66 ,0.40 ,58.22 ,16.30 ,34.35 ,66.22 ,,0,,0.00%
4980,デクセリアルズ,3624,,0.3 ,3626 ,312600 ,,,1700605 ,0.18 ,0.55 ,,,,,0,87,75 ,1.13 ,22.08 ,21.03 ,0.56 ,25.14 ,31.30 ,1.05 ,9.13 ,10.1 ,28.5,,1.77%
7048,ベルトラ,138,,-0.7 ,138 ,27200 ,,,149195 ,0.18 ,0.55 ,,,,,0,65,56 ,5.43 ,16.23 ,0.06 ,0.11 ,12.88 ,7.60 ,261.90 ,271.08 ,61.1 ,6.76,,0.00%
247A,ＡＩロボティクス,895,,-1.2 ,897 ,177300 ,,,975815 ,0.18 ,0.55 ,,,,↓↓,1,870,751 ,3.86 ,9.85 ,0.10 ,0.20 ,97.46 ,13.39 ,97.37 ,187.84 ,-21.8 ,8.59,,0.00%
6268,ナブテスコ,4819,,-3.8 ,4833 ,163500 ,,,914055 ,0.18 ,0.54 ,,,,,0,37,32 ,3.30 ,22.66,0.67 ,0.18 ,8.74 ,8.47 ,33.82 ,40.02 ,2.9 ,33.64,,1.70%
6506,安川電機,4809,,-2.8 ,4833 ,598200 ,,,3364885 ,0.18 ,0.53 ,,,,,0,34,29 ,2.68 ,26.53 ,0.99 ,0.24 ,9.69 ,10.34 ,26.85 ,33.84 ,-6.8 ,25.37,,1.50%
6857,アドバンテスト,40930,,-0.9 ,40753 ,2010700 ,,,11459190 ,0.18 ,0.53 ,,,,↑↑,1,2132,1829 ,4.76 ,44.78 ,0.64 ,2.65 ,83.27 ,49.47 ,69.51 ,120.83 ,19.8 ,0.76,,0.17%
6146,ディスコ,61670,,0.5 ,61409 ,282700 ,,,1613805 ,0.18 ,0.53 ,,,,,1,309,265 ,3.52 ,40.55 ,1.35 ,1.53 ,28.11 ,44.67 ,29.95 ,53.13 ,35.0 ,4.69,,0.99%
6501,日立,5582,,-1.2 ,5604 ,1763700 ,,,10123405 ,0.17 ,0.52 ,,,,,0,22,19 ,1.64 ,26.39 ,2.64 ,0.24 ,14.48 ,11.89 ,10.00 ,14.72 ,,7.01,,1.06%
1802,大林組,2866,,-2.2 ,2895 ,451200 ,,,2601200 ,0.17 ,0.52 ,,,,,0,51,44 ,1.00 ,12.49 ,,0.08 ,12.49 ,6.10 ,-7.55 ,6.35 ,,9.91,,3.28%
593A,ティアフォー,2232,,4.5 ,2242 ,3026300 ,,,17563890 ,0.17 ,0.52 ,,,,,0,391,334 ,1.65 ,0,0.00 ,2.21 ,58.67 ,######,6.67 ,38.96 ,28.0 ,783.2,,0.00%
8088,岩谷産業,1931,,-3.4 ,1959 ,115200 ,,,669980 ,0.17 ,0.52 ,,,,,0,37,32 ,2.51 ,9.2,0.34 ,0.05 ,10.98 ,5.08 ,27.42 ,33.08 ,-24.1 ,64.13,,2.43%
5803,フジクラ,5558,,-2.5 ,5585 ,6110300 ,,,35585690 ,0.17 ,0.52 ,,,,↑↑,1,861,736 ,4.54 ,26.99 ,0.42 ,0.84 ,60.84 ,21.23 ,64.28 ,88.01 ,9.7 ,6.47,,0.68%
6315,ＴＯＷＡ,2546,,-1.5 ,2558 ,513400 ,,,3000335 ,0.17 ,0.51 ,,,,,0,185,158 ,2.14 ,27.28,0.58 ,0.35 ,9.90 ,15.94 ,47.40 ,65.05 ,8.3 ,22.94,,0.94%
156A,マテリアルグループ,851,,-1.3 ,853 ,4400 ,,,25810 ,0.17 ,0.51 ,,,,,1,272,232 ,4.01 ,11.81,0.31 ,0.13 ,31.84 ,12.83 ,38.06 ,80.50 ,26.5 ,177,,3.07%
8306,三菱ＵＦＪフィナンシャルＧ,3571,,-1.4 ,3574 ,6945000 ,,,40921600 ,0.17 ,0.51 ,,,,↑↓,1,169,144 ,2.85 ,14.35 ,0.52 ,0.29 ,12.54 ,20.97 ,27.72 ,39.10 ,,15.29,,2.69%
6838,多摩川ホールディングス,1427,,-2.6 ,1437 ,38600 ,,,227980 ,0.17 ,0.51 ,,,,,1,158,135 ,3.89 ,6.85 ,0.04 ,0.23 ,20.15 ,11.80 ,193.91 ,218.01 ,-21.1 ,0,,0.70%
8035,東京エレクトロン,12490,,-0.1 ,12453 ,1224100 ,,,7259015 ,0.17 ,0.51 ,,,,↑↑,1,530,451 ,4.72 ,39.25 ,0.66 ,1.20 ,35.36 ,29.58 ,59.71 ,97.98 ,17.7 ,14.19,,1.27%
8801,三井不動産,1410,,-0.4 ,1414 ,1645100 ,,,9786395 ,0.17 ,0.50 ,,,,,0,14,12 ,1.07 ,13.30 ,4.34 ,0.14 ,8.72 ,14.64 ,3.07 ,6.39 ,-41.6 ,2.87,,2.63%
6947,図研,5490,,-0.9 ,5510 ,13300 ,,,79430 ,0.17 ,0.50 ,,,,,0,47,40 ,2.34 ,20.29 ,1.43 ,0.28 ,13.80 ,14.57 ,14.14 ,19.40 ,41.9 ,1.31,,2.73%
3939,カナミックネットワーク,491,,-0.6 ,489 ,26200 ,,,158640 ,0.17 ,0.50 ,,,,,1,546,463 ,3.41 ,15.83 ,0.58 ,0.43 ,29.37 ,32.28 ,27.33 ,42.78 ,41.8 ,16.28,,1.83%
6976,太陽誘電,11940,,4.2 ,11653 ,4714600 ,,,28551495 ,0.17 ,0.50 ,,,,↑↑,0,19,16 ,4.26 ,54.52 ,1.09 ,0.46 ,7.94 ,7.81 ,50.00 ,58.08 ,-3.6 ,2.81,,0.75%
5801,古河電工,4250,,-4.4 ,4304 ,3757200 ,,,22925185 ,0.16 ,0.49 ,,,,↑↑,0,106,90 ,3.76 ,26.69 ,0.55 ,0.23 ,26.83 ,6.51 ,48.67 ,60.12 ,-23.0 ,10.52,,0.52%
1570,ＮＦ日経レバ,77040,,-1.5 ,77229 ,388974 ,,,2408150 ,0.16 ,0.48 ,,,,,0,0,0 ,,0.00 ,0.00 ,0.00 ,0.00 ,,0.00 ,0.00 ,0.0 ,2.89,,0.00%
6723,ルネサスエレクトロニクス,3856,,-1.7 ,3846 ,1787500 ,,,11111820 ,0.16 ,0.48 ,,,,,1,273,231 ,3.86 ,14.38 ,0.17 ,0.55 ,17.18 ,23.85 ,83.65 ,101.00 ,-21.9 ,3.55,,0.73%
7974,任天堂,7819,,0.6 ,7842 ,1210200 ,,,7572660 ,0.16 ,0.48 ,,,,,0,95,80 ,3.13 ,24.36 ,0.97 ,0.44 ,12.52 ,21.98 ,25.13 ,13.88 ,34.6 ,13.78,,2.07%
8316,三井住友フィナンシャルＧ,3333,,-1.2 ,3331 ,2622800 ,,,16481960 ,0.16 ,0.48 ,,,,,0,56,47 ,1.61 ,13.73 ,1.50 ,0.23 ,11.73 ,21.39 ,9.17 ,17.88 ,,21.38,,2.70%
3778,さくらインターネット,3905,,-1.5 ,3937 ,116100 ,,,737210 ,0.16 ,0.47 ,,,,,0,3,3 ,4.33 ,104.13 ,2.08 ,0.46 ,4.98 ,3.33 ,50.00 ,77.48 ,17.7 ,2.02,,0.14%
3905,データセクション,1730,,-4.8 ,1754 ,821600 ,,,5239780 ,0.16 ,0.47 ,,,,,1,153,129 ,4.32 ,18.40 ,0.03 ,0.20 ,15.00 ,15.29 ,600.56 ,983.30 ,-0.5 ,5.61,,0.00%
6617,東光高岳,7460,,-4.2 ,7554 ,13400 ,,,85565 ,0.16 ,0.47 ,,,,,0,16,13 ,1.13 ,10.93 ,4.44 ,0.10 ,16.10 ,8.70 ,2.46 ,5.05 ,#DIV/0!,16.96,,1.80%
5016,ＪＸ金属,3683,,-3.0 ,3711 ,2979600 ,,,19027605 ,0.16 ,0.47 ,,,,,0,62,52 ,1.42 ,21.09 ,2.46 ,0.40 ,22.24 ,20.43 ,8.57 ,14.25 ,-18.2 ,24.02,,0.54%
9692,シーイーシー,2205,,-0.5 ,2201 ,23300 ,,,149360 ,0.16 ,0.47 ,,,,,0,64,54 ,2.28 ,11.33 ,0.85 ,0.12 ,13.86 ,11.80 ,13.35 ,20.33 ,39.9 ,6.94,,3.85%
9416,ビジョン,1010,,-0.6 ,1009 ,44700 ,,,287380 ,0.16 ,0.47 ,,,,,0,242,203 ,2.46 ,9.73 ,0.61 ,0.13 ,24.87 ,17.86 ,15.92 ,23.61 ,38.6 ,29.82,,5.05%
6254,野村マイクロ・サイエンス,3765,,-0.9 ,3761 ,76500 ,,,496635 ,0.15 ,0.46 ,,,,,1,306,257 ,3.69 ,13.14,0.09 ,0.27 ,27.85 ,16.49 ,139.88 ,212.48 ,-37.3 ,6.19,,2.26%
6503,三菱電機,5140,,-2.7 ,5185 ,895600 ,,,5830510 ,0.15 ,0.46 ,,,,,0,78,65 ,4.10 ,20.34 ,0.44 ,0.18 ,11.50 ,10.21 ,46.22 ,51.49 ,,38.49,,1.17%
6479,ミネベアミツミ,3779,,-1.8 ,3779 ,406200 ,,,2702230 ,0.15 ,0.45 ,,,,,0,20,17 ,1.90 ,17.44,1.13 ,0.10 ,9.63 ,7.10 ,15.38 ,17.19 ,-14.1 ,62.5,,1.59%
6804,ホシデン,2407,,-1.0 ,2409 ,39700 ,,,266620 ,0.15 ,0.45 ,,,,,0,24,20 ,1.00 ,8.77 ,,0.03 ,8.89 ,4.13 ,-6.25 ,-8.99 ,,28.88,,3.20%
4259,エクサウィザーズ,819,,-0.2 ,814 ,156900 ,,,1055060 ,0.15 ,0.45 ,,,,,1,142,118 ,4.35 ,48.75 ,1.09 ,0.66 ,31.59 ,14.74 ,44.65 ,74.65 ,18.4 ,1077,,0.61%
485A,パワーエックス,2077,,-4.2 ,2109 ,1438900 ,,,9718045 ,0.15 ,0.44 ,,,,,0,253,211 ,1.02 ,194.11 ,,1.25 ,19.00 ,,-100.00 ,7.25 ,2.7 ,1097,,0.00%
5802,住友電工,2396,,-3.5 ,2425 ,2822500 ,,,19203215 ,0.15 ,0.44 ,,,,↑↑,0,11,9 ,1.09 ,21.11 ,12.98 ,0.15 ,12.88 ,8.02 ,1.63 ,5.34 ,-8.0 ,25.57,,1.63%
3436,ＳＵＭＣＯ,3670,,-0.4 ,3676 ,1542800 ,,,10528930 ,0.15 ,0.44 ,,,,,0,100,83 ,0.88 ,0,0.00 ,0.31 ,15.00 ,-1.17 ,-491.19 ,-481.63 ,-24.6 ,3,,0.27%
6644,大崎電気,1411,,-2.2 ,1418 ,50500 ,,,345790 ,0.15 ,0.44 ,,,,,0,43,36 ,2.86 ,12.75 ,0.53 ,0.07 ,8.63 ,8.02 ,24.04 ,24.14 ,18.0 ,6.19,,3.47%
9104,商船三井,6994,,-0.9 ,7043 ,376100 ,,,2581240 ,0.15 ,0.44 ,,,,,0,11,9 ,1.18 ,10.01,1.59 ,0.14 ,8.29 ,6.05 ,6.30 ,28.16 ,-34.7 ,3.38,,2.93%
9434,ソフトバンク,238.8,,-0.8 ,241 ,11872500 ,,,82704350 ,0.14 ,0.43 ,,,,,0,38,32 ,1.39 ,18.51 ,3.21 ,0.16 ,23.39 ,14.67 ,5.77 ,12.30 ,,7.42,,3.69%
9552,クオンツ総研ホールディンク,1062,,-1.5 ,1071 ,36900 ,,,257640 ,0.14 ,0.43 ,,,,↑↓,1,612,507 ,2.90 ,15.82 ,0.76 ,0.32 ,53.60 ,25.92 ,20.92 ,55.26 ,41.9 ,10.64,,0.56%
6504,富士電機,15000,,-1.2 ,15096 ,94100 ,,,662845 ,0.14 ,0.43 ,,,,,0,45,37 ,1.96 ,19.04 ,1.31 ,0.18 ,14.50 ,12.04 ,14.57 ,20.26 ,#DIV/0!,17.94,,1.57%
9101,日本郵船,7013,,-1.1 ,7052 ,356800 ,,,2526725 ,0.14 ,0.42 ,,,,,0,33,27 ,3.03 ,11.79,0.35 ,0.12 ,7.80 ,6.42 ,33.48 ,52.49 ,-14.2 ,2.22,,3.42%
3091,ブロンコビリー,2787,,-1.6 ,2803 ,9100 ,,,64710 ,0.14 ,0.42 ,,,,,0,49,41 ,3.94 ,31.96,0.90 ,0.28 ,11.39 ,11.68 ,35.49 ,48.08 ,33.0 ,1.28,,0.72%
5020,ＥＮＥＯＳホールディングス,1323,,-3.5 ,1350 ,1433800 ,,,10240855 ,0.14 ,0.42 ,,,,,0,31,26 ,3.90 ,7.30 ,0.12 ,0.03 ,14.38 ,3.22 ,60.42 ,69.74 ,-19.2 ,8.96,,2.72%
7203,トヨタ自動車,2912,,0.4 ,2904 ,3560500 ,,,25445525 ,0.14 ,0.42 ,,,,,0,39,32 ,1.08 ,9.50 ,,0.08 ,10.00 ,5.88 ,-20.42 ,-19.83 ,12.0 ,10.48,,3.43%
6752,パナソニックホールディンク,4548,,-2.6 ,4568 ,1154500 ,,,8255630 ,0.14 ,0.42 ,,,,,0,46,38 ,4.43 ,22.83,0.15 ,0.14 ,8.89 ,7.76 ,149.58 ,143.99 ,5.1 ,3.11,,1.19%
6323,ローツェ,4426,,-1.2 ,4447 ,197700 ,,,1416805 ,0.14 ,0.42 ,,,,,1,136,112 ,2.80 ,27.61,1.25 ,0.61 ,21.33 ,23.96 ,22.12 ,45.56 ,25.6 ,24.66,,0.45%
6981,村田製作所,8672,,-0.1 ,8641 ,2972400 ,,,21416965 ,0.14 ,0.42 ,,,,,0,66,54 ,3.62 ,44.54 ,1.28 ,0.93 ,13.02 ,19.39 ,34.85 ,41.95 ,18.7 ,5.32,,0.81%
476A,辻・本郷ＩＴコンサルティン,2927,,-1.8 ,2905 ,18700 ,,,134740 ,0.14 ,0.42 ,,,,↑↑,0,80,66 ,3.98 ,27.1,0.80 ,0.28 ,13.10 ,14.71 ,33.75 ,71.01 ,44.6 ,10.57,,0.00%
3046,ジンズホールディングス,5680,,0.2 ,5670 ,28300 ,,,203990 ,0.14 ,0.42 ,,,,,1,164,135 ,2.63 ,15.42 ,0.69 ,0.14 ,25.36 ,13.41 ,22.31 ,35.89 ,11.3 ,20.4,,2.02%
6890,フェローテック,12160,,-0.1 ,12081 ,138800 ,,,1002490 ,0.14 ,0.42 ,,,,↑↑,1,127,105 ,4.13 ,18.23,0.16 ,0.23 ,12.07 ,15.79 ,117.39 ,148.92 ,-9.2 ,21.64,,1.64%
3993,ＰＫＳＨＡＴＥＣＨＮＯＬＯＧＹ,3370,,-0.4 ,3386 ,26800 ,,,193695 ,0.14 ,0.42 ,,,,↑↑,0,91,75 ,1.09 ,30.41 ,,0.49 ,9.60 ,14.29 ,-5.48 ,55.07 ,15.6 ,5.4,,0.30%
4062,イビデン,12310,,0.3 ,12207 ,1328900 ,,,9702820 ,0.14 ,0.41 ,,,,,1,147,121 ,4.72 ,82.83 ,0.79 ,1.68 ,15.08 ,23.09 ,104.84 ,136.99 ,18.0 ,2.42,,0.14%
8136,サンリオ,1210,,-0.1 ,1219 ,1981100 ,,,14483745 ,0.14 ,0.41 ,,,,,1,872,718 ,4.89 ,22.99 ,0.51 ,0.80 ,40.93 ,32.68 ,44.98 ,63.37 ,44.7 ,10.07,,1.32%
2914,日本たばこ産業,6953,,-0.5 ,6966 ,517500 ,,,3784600 ,0.14 ,0.41 ,,,,,0,82,67 ,1.72 ,18.99 ,1.57 ,0.40 ,14.74 ,26.27 ,12.11 ,18.74 ,-10.1 ,11.2,,3.91%
3064,ＭｏｎｏｔａＲＯ,2125,,-0.4 ,2122 ,267900 ,,,1967960 ,0.14 ,0.41 ,,,,,0,72,59 ,2.17 ,28.87 ,1.93 ,0.32 ,29.96 ,13.92 ,14.94 ,29.16 ,17.5 ,4.23,,1.74%
6996,ニチコン,2743,,0.0 ,2736 ,97000 ,,,718200 ,0.14 ,0.41 ,,,,,0,13,11 ,3.23 ,25.56,0.74 ,0.11 ,6.03 ,4.70 ,34.67 ,43.69 ,0.1 ,19.25,,1.42%
6777,ＳＡＮＴＥＣＨＯＬＤＩＮＧＳ,24740,,-2.2 ,24792 ,16300 ,,,120835 ,0.13 ,0.40 ,,,,,0,195,160 ,2.45 ,30.95 ,1.88 ,0.94 ,33.76 ,32.43 ,16.50 ,33.97 ,33.5 ,1243,,0.93%
7777,スリー・ディー・マトリックス,411,,-1.9 ,412 ,429800 ,,,3200830 ,0.13 ,0.40 ,,,,,0,70,57 ,2.81 ,33.14 ,1.43 ,0.48 ,24.26 ,12.31 ,23.13 ,46.07 ,22.8 ,0,,0.00%
3673,ブロードリーフ,472,,1.5 ,471 ,91300 ,,,679940 ,0.13 ,0.40 ,,,,,1,171,140 ,4.56 ,26.66 ,0.20 ,0.44 ,12.75 ,20.17 ,133.01 ,147.43 ,10.0 ,63.09,,1.64%
6273,ＳＭＣ,72000,,-2.5 ,72104 ,38400 ,,,291225 ,0.13 ,0.40 ,,,,,0,39,32 ,2.26 ,24.3,1.63 ,0.55 ,8.81 ,21.90 ,14.90 ,33.95 ,24.6 ,4.86,,1.39%
4443,Ｓａｎｓａｎ,2146,,0.6 ,2150 ,163800 ,,,1250085 ,0.13 ,0.39 ,,,,,1,558,456 ,4.70 ,28.96,0.55 ,0.51 ,46.72 ,19.64 ,52.80 ,71.21 ,17.1 ,4.17,,0.23%
9432,ＮＴＴ,171.2,,-0.5 ,171 ,25303300 ,,,##########,0.13 ,0.39 ,,,,,0,77,63 ,0.84 ,14.03 ,,0.11 ,10.19 ,11.32 ,0.00 ,4.86 ,-32.1 ,5.96,,3.15%
9433,ＫＤＤＩ,2900,,0.8 ,2900 ,1137500 ,,,8725470 ,0.13 ,0.39 ,,,,,0,67,55 ,1.51 ,14.65 ,1.40 ,0.19 ,14.81 ,18.95 ,10.45 ,16.06 ,-22.5 ,1.61,,2.90%
8604,野村ホールディングス,1489,,-2.0 ,1495 ,1254200 ,,,9665260 ,0.13 ,0.39 ,,,,,0,12,10 ,1.00 ,11.57 ,29.74 ,0.10 ,10.03 ,10.88 ,0.39 ,4.99 ,,26.15,,3.49%
4369,トリケミカル,3465,,0.1 ,3463 ,62000 ,,,479540 ,0.13 ,0.39 ,,,,,0,42,34 ,1.17 ,17.13 ,10.11 ,0.47 ,17.16 ,22.22 ,1.69 ,14.67 ,7.5 ,22.22,,1.01%
6861,キーエンス,80740,,-1.0 ,80934 ,70300 ,,,559040 ,0.13 ,0.38 ,,,,,0,117,95 ,2.14 ,35.40 ,2.34 ,1.68 ,15.93 ,51.62 ,15.14 ,28.73 ,12.3 ,2.3,,0.68%
5471,大同特殊鋼,2493,,-2.6 ,2510 ,118400 ,,,954705 ,0.12 ,0.37 ,,,,,0,27,22 ,0.93 ,16.33,,0.09 ,6.43 ,6.35 ,-4.99 ,3.99 ,-13.9 ,9.51,,2.09%
4419,ＦＩＮＡＴＥＸＴホールディンク,1502,,-0.1 ,1516 ,52400 ,,,424115 ,0.12 ,0.37 ,,,,↑↑,1,369,299 ,4.53 ,28.88 ,0.38 ,0.70 ,25.66 ,21.55 ,75.79 ,115.43 ,9.1 ,0,,0.00%
6965,浜松ホトニクス,2436,,-1.5 ,2436 ,254800 ,,,2068965 ,0.12 ,0.37 ,,,,,0,15,12 ,3.47 ,40.13,1.12 ,0.37 ,5.48 ,9.21 ,35.80 ,48.49 ,4.4 ,24.93,,1.56%
9020,東日本旅客鉄道,3316,,-0.4 ,3323 ,349800 ,,,2875740 ,0.12 ,0.36 ,,,,,0,12,10 ,1.25 ,14.29 ,4.03 ,0.12 ,8.54 ,13.00 ,3.55 ,10.69 ,,17.32,,2.56%
6762,ＴＤＫ,3484,,-1.3 ,3473 ,1497600 ,,,12348830 ,0.12 ,0.36 ,,,,,0,14,11 ,1.57 ,27.21 ,3.28 ,0.27 ,11.10 ,11.43 ,8.30 ,11.50 ,,4.81,,1.15%
6037,楽待,1058,,-1.2 ,1062 ,6000 ,,,50125 ,0.12 ,0.36 ,,,,,0,399,322 ,1.86 ,13.34 ,1.27 ,0.58 ,28.86 ,52.50 ,10.53 ,21.02 ,19.4 ,3486,,1.51%
6954,ファナック,6059,,-1.7 ,6091 ,518700 ,,,4353300 ,0.12 ,0.36 ,,,,,0,45,36 ,2.31 ,28.29 ,1.83 ,0.69 ,10.71 ,23.33 ,15.45 ,21.49 ,25.9 ,21.44,,2.10%
7649,スギホールディングス,1248,,0.4 ,1252 ,276600 ,,,2326880 ,0.12 ,0.36 ,,,,,0,14,11 ,1.79 ,14.16,1.27 ,0.05 ,10.95 ,4.95 ,11.11 ,19.03 ,2.8 ,10.23,,1.40%
7320,Ｓｏｌｖｖｙ,1389,,-0.9 ,1391 ,2100 ,,,17760 ,0.12 ,0.35 ,,,,,1,567,457 ,3.03 ,8.40 ,0.28 ,0.25 ,33.21 ,25.61 ,29.63 ,51.84 ,3.9 ,6698,,2.52%
4368,扶桑化学工業,3395,,-2.3 ,3402 ,80900 ,,,693350 ,0.12 ,0.35 ,,,,,1,224,180 ,2.77 ,17.60 ,0.73 ,0.47 ,17.39 ,28.32 ,23.98 ,35.55 ,13.8 ,53.11,,0.82%
9983,ファーストリテイリング,75190,,0.6 ,75241 ,130100 ,,,1127330 ,0.12 ,0.35 ,,,,,0,58,47 ,2.74 ,46.14 ,1.92 ,0.70 ,18.99 ,17.63 ,24.05 ,40.81 ,9.8 ,2.13,,0.85%
4053,ＳＵＮＡＳＴＥＲＩＳＫ,503,,-2.0 ,506 ,17500 ,,,151860 ,0.12 ,0.35 ,,,,,0,74,59 ,5.16 ,14.05 ,0.22 ,0.14 ,11.81 ,9.40 ,62.86 ,85.83 ,38.0 ,2.24,,1.99%
6525,ＫＯＫＵＳＡＩＥＬＥＣＴＲＩＣ,9922,,0.9 ,9925 ,1013000 ,,,8805320 ,0.12 ,0.35 ,,,,,1,120,96 ,3.05 ,41.72 ,1.37 ,1.00 ,25.34 ,19.46 ,30.38 ,49.48 ,1.8 ,3.1,,0.66%
8830,住友不動産,3044,,-1.4 ,3078 ,348000 ,,,3027860 ,0.11 ,0.34 ,,,,,0,49,39 ,1.24 ,12.60 ,1.81 ,0.27 ,8.97 ,29.91 ,6.95 ,7.90 ,-52.0 ,4.31,,1.71%
6258,平田機工,3980,,-2.2 ,3994 ,31600 ,,,278155 ,0.11 ,0.34 ,,,,,0,13,10 ,1.38 ,17.41 ,2.13 ,0.14 ,9.08 ,9.00 ,8.17 ,13.55 ,-16.3 ,9.31,,1.88%
7453,良品計画,4410,,0.7 ,4395 ,310800 ,,,2737030 ,0.11 ,0.34 ,,,,,0,60,48 ,3.18 ,34.94,1.07 ,0.32 ,17.77 ,10.80 ,32.79 ,48.39 ,,1.53,,0.73%
9202,ＡＮＡホールディングス,2903,,-0.2 ,2910 ,261400 ,,,2325470 ,0.11 ,0.34 ,,,,,0,27,22 ,1.00 ,13.33 ,,0.06 ,7.58 ,5.42 ,-31.00 ,-21.95 ,,4.48,,2.07%
4377,ワンキャリア,2427,,-1.8 ,2420 ,6500 ,,,57940 ,0.11 ,0.34 ,,,,,1,609,488 ,5.05 ,20.32 ,0.45 ,0.59 ,32.43 ,28.18 ,45.54 ,90.66 ,75.3 ,16.52,,1.44%
4396,システムサポートホールディン,1354,,-0.9 ,1353 ,7200 ,,,64180 ,0.11 ,0.34 ,,,,,0,113,91 ,2.23 ,12.91 ,0.87 ,0.09 ,30.05 ,9.83 ,14.81 ,26.39 ,24.2 ,32.19,,3.10%
9107,川崎汽船,3211,,-0.8 ,3224 ,414300 ,,,3715900 ,0.11 ,0.33 ,,,,,0,43,34 ,1.00 ,13.97 ,,0.19 ,8.02 ,8.14 ,-1.43 ,-1.43 ,,2.32,,3.74%
6866,日置電機,11350,,-1.9 ,11331 ,4200 ,,,38110 ,0.11 ,0.33 ,,,,,1,238,190 ,4.25 ,18.55 ,0.46 ,0.39 ,17.90 ,19.92 ,39.91 ,57.69 ,32.4 ,4.19,,2.20%
6508,明電舎,12040,,-2.3 ,12089 ,22700 ,,,207755 ,0.11 ,0.33 ,,,,,0,48,38 ,2.40 ,20.60 ,0.95 ,0.17 ,15.15 ,9.04 ,21.77 ,33.67 ,-5.6 ,8.39,,1.45%
6562,ジーニー,1003,,-0.9 ,1007 ,3200 ,,,29350 ,0.11 ,0.33 ,,,,↑↑,1,242,193 ,3.69 ,8.79 ,0.14 ,0.14 ,23.78 ,15.24 ,62.34 ,84.73 ,-29.6 ,5.42,,0.00%
3415,ＴＯＫＹＯＢＡＳＥ,344,,-0.6 ,343 ,41100 ,,,379040 ,0.11 ,0.33 ,,,,,1,147,117 ,2.76 ,9.77 ,0.35 ,0.06 ,24.77 ,8.93 ,27.55 ,45.69 ,-6.2 ,30.59,,2.03%
8410,セブン銀行,339.1,,-0.4 ,340 ,437300 ,,,4040350 ,0.11 ,0.32 ,,,,,0,59,47 ,1.00 ,19.83 ,,0.18 ,7.11 ,12.53 ,-2.32 ,4.73 ,,0.59,,3.24%
6758,ソニーグループ,3696,,-1.3 ,3709 ,1478600 ,,,13836965 ,0.11 ,0.32 ,,,,,0,38,30 ,1.71 ,17.83 ,1.72 ,0.18 ,15.03 ,13.01 ,10.34 ,8.74 ,4.5 ,21.48,,0.95%
3697,ＳＨＩＦＴ,883.6,,0.7 ,879 ,437500 ,,,4117005 ,0.11 ,0.32 ,,,,,0,52,41 ,2.52 ,31.33 ,1.53 ,0.18 ,18.86 ,12.53 ,20.51 ,36.08 ,15.1 ,3.23,,0.46%
6141,ＤＭＧ森精機,2829,,-2.0 ,2837 ,143500 ,,,1351410 ,0.11 ,0.32 ,,,,,0,209,166 ,0.27 ,28.48,0.49 ,0.09 ,3.97 ,5.17 ,57.89 ,70.52 ,-9.9 ,67.73,,3.71%
1951,エクシオグループ,2503,,-1.6 ,2517 ,47500 ,,,459320 ,0.10 ,0.31 ,,,,,0,15,12 ,1.47 ,13.96,1.81 ,0.07 ,10.67 ,7.47 ,7.69 ,2.91 ,#DIV/0!,14.96,,3.20%
6946,日本アビオニクス,7030,,-4.0 ,7100 ,20000 ,,,193485 ,0.10 ,0.31 ,,,,,0,70,56 ,1.70 ,24.76,2.36 ,0.40 ,26.05 ,19.06 ,10.51 ,20.10 ,#DIV/0!,0,,0.21%
7735,ＳＣＲＥＥＮホールディングス,15985,,0.4 ,15978 ,202600 ,,,1962795 ,0.10 ,0.31 ,,,,,1,139,110 ,2.88 ,26.29,1.17 ,0.50 ,23.62 ,20.69 ,22.45 ,42.15 ,30.8 ,4.17,,1.14%
4543,テルモ,2312,,-0.6 ,2332 ,531100 ,,,5162670 ,0.10 ,0.31 ,,,,,0,114,90 ,2.82 ,17.65 ,0.65 ,0.30 ,12.18 ,18.10 ,27.34 ,37.07 ,,6.01,,1.56%
212A,フィットイージー,2785,,-0.5 ,2784 ,23600 ,,,230860 ,0.10 ,0.31 ,,,,↓↓,1,622,493 ,4.95 ,18.59 ,0.36 ,0.48 ,38.03 ,24.55 ,51.95 ,98.92 ,28.1 ,6.87,,1.83%
4519,中外製薬,6092,,-0.2 ,6141 ,341900 ,,,3396865 ,0.10 ,0.30 ,,,,,0,317,251 ,2.26 ,20.62 ,1.27 ,0.81 ,23.96 ,50.50 ,16.22 ,25.58 ,17.3 ,54.12,,2.17%
4432,ウイングアーク１ＳＴ,3360,,-0.6 ,3368 ,10100 ,,,101390 ,0.10 ,0.30 ,,,,,0,185,146 ,2.19 ,15.71 ,0.88 ,0.38 ,15.72 ,30.90 ,17.91 ,28.91 ,,19.4,,3.21%
7729,東京精密,20160,,-1.2 ,20087 ,31500 ,,,317300 ,0.10 ,0.30 ,,,,↑↑,1,144,114 ,3.27 ,26.56,0.87 ,0.51 ,16.11 ,23.28 ,30.56 ,43.87 ,15.5 ,2.51,,1.51%
6080,Ｍ＆Ａキャピタルパートナー,4380,,-0.7 ,4380 ,8900 ,,,89740 ,0.10 ,0.30 ,,,,↑↑,1,681,537 ,4.84 ,18.07 ,0.13 ,0.62 ,17.10 ,59.72 ,137.03 ,163.37 ,23.5 ,2.92,,1.65%
6235,オプトラン,2818,,-1.2 ,2807 ,32100 ,,,326615 ,0.10 ,0.29 ,,,,,0,64,50 ,5.13 ,20.07 ,0.23 ,0.37 ,5.93 ,16.23 ,86.19 ,98.87 ,36.0 ,161.5,,1.99%
6083,ＥＲＩホールディングス,1400,,0.0 ,1398 ,9500 ,,,97055 ,0.10 ,0.29 ,,,,↑↑,0,207,163 ,1.78 ,9.58 ,1.22 ,0.13 ,38.52 ,19.74 ,7.83 ,17.12 ,33.6 ,10.96,,3.14%
6361,荏原製作所,4746,,-1.8 ,4765 ,283800 ,,,2914095 ,0.10 ,0.29 ,,,,,0,35,28 ,1.63 ,21.72,2.21 ,0.23 ,18.69 ,12.25 ,9.84 ,16.09 ,,24.74,,1.39%
9308,乾汽船,2216,,-1.1 ,2201 ,17400 ,,,179190 ,0.10 ,0.29 ,,,,,0,89,70 ,3.97 ,14.58,0.09 ,0.17 ,10.22 ,13.05 ,161.57 ,190.44 ,-16.9 ,1.61,,2.05%
6480,日本トムソン,1880,,-3.4 ,1900 ,63100 ,,,654000 ,0.10 ,0.29 ,,,,,0,83,65 ,4.22 ,13.66 ,0.24 ,0.22 ,11.49 ,10.80 ,56.98 ,76.02 ,-4.8 ,69.45,,1.70%
7199,プレミアグループ,2104,,-1.4 ,2123 ,18500 ,,,192195 ,0.10 ,0.29 ,,,,,1,375,295 ,2.79 ,11.81 ,0.47 ,0.19 ,27.35 ,20.59 ,25.00 ,40.91 ,9.2 ,14.59,,3.04%
4661,オリエンタルランド,2894,,0.2 ,2890 ,496600 ,,,5160735 ,0.10 ,0.29 ,,,,,0,165,130 ,0.85 ,38.58 ,,0.74 ,11.17 ,22.20 ,-4.51 ,-1.70 ,-55.6 ,1.03,,0.55%
7047,ポート,2150,,-0.3 ,2149 ,9500 ,,,98905 ,0.10 ,0.29 ,,,,,1,265,208 ,3.12 ,9.29 ,0.28 ,0.11 ,28.74 ,13.85 ,32.68 ,66.70 ,-3.6 ,313.6,,0.60%
4063,信越化学,6156,,-1.3 ,6172 ,644500 ,,,6780105 ,0.10 ,0.29 ,,,,,0,179,141 ,1.08 ,21.28 ,,0.48 ,12.03 ,22.31 ,-14.41 ,-3.63 ,15.3 ,15,,2.21%
7085,カーブスホールディングス,918,,-0.9 ,917 ,27700 ,,,294005 ,0.09 ,0.28 ,,,,,1,168,132 ,2.53 ,16.87 ,0.79 ,0.23 ,21.81 ,18.20 ,21.45 ,33.95 ,7.7 ,2.4,,3.27%
3407,旭化成,1648,,-1.0 ,1649 ,408500 ,,,4356545 ,0.09 ,0.28 ,,,,,0,11,9 ,1.27 ,13.72 ,1.89 ,0.07 ,7.80 ,7.63 ,7.27 ,13.13 ,-14.4 ,7.88,,2.67%
472A,ミラティブ,550,,-0.2 ,547 ,9800 ,,,107080 ,0.09 ,0.27 ,,,,,1,212,166 ,5.42 ,9.73 ,0.04 ,0.13 ,24.05 ,13.21 ,218.05 ,234.88 ,52.4 ,0,,0.00%
6526,ソシオネクスト,2216,,-1.1 ,2213 ,575100 ,,,6319475 ,0.09 ,0.27 ,,,,,0,5,4 ,2.20 ,38.86 ,3.01 ,0.20 ,7.49 ,6.51 ,12.90 ,19.97 ,26.6 ,5.05,,2.26%
4186,東京応化工業,9060,,-2.4 ,9094 ,68600 ,,,761590 ,0.09 ,0.27 ,,,,,1,130,102 ,3.04 ,25.51,0.92 ,0.49 ,17.17 ,20.82 ,27.85 ,50.63 ,12.7 ,12.29,,0.88%
7936,アシックス,4425,,-0.6 ,4421 ,496300 ,,,5510540 ,0.09 ,0.27 ,,,,,1,295,230 ,3.68 ,25.98,0.71 ,0.39 ,33.64 ,18.57 ,36.84 ,66.47 ,12.7 ,7.91,,0.99%
7189,西日本フィナンシャルＨＤ,4906,,-0.6 ,4898 ,43100 ,,,481200 ,0.09 ,0.27 ,,,,,0,88,69 ,2.15 ,14.23 ,0.82 ,0.29 ,7.73 ,27.94 ,17.35 ,17.39 ,,25.04,,2.85%
6590,芝浦メカトロニクス,4240,,-0.7 ,4229 ,112100 ,,,1257090 ,0.09 ,0.27 ,,,,,0,38,30 ,1.39 ,23.38 ,5.11 ,0.34 ,21.39 ,16.16 ,4.58 ,17.08 ,12.6 ,17.66,,1.51%
336A,ダイナミックマッププラット,1499,,0.2 ,1511 ,544500 ,,,6291700 ,0.09 ,0.26 ,,,,,0,436,339 ,1.10 ,0,,0.62 ,32.73 ,,0.00 ,23.02 ,19.3 ,6485,,0.00%
9984,ソフトバンクグループ,6177,,-2.1 ,6271 ,6007600 ,,,70326205 ,0.09 ,0.26 ,,,,,0,64,50 ,0.86 ,43.99 ,,0.45 ,4.59 ,21.02 ,-71.63 ,-65.51 ,-31.9 ,7.5,,0.18%
3962,チェンジホールディングス,993,,-0.1 ,991 ,12800 ,,,150810 ,0.08 ,0.25 ,,,,,0,193,150 ,0.98 ,9.86 ,,0.14 ,14.91 ,19.37 ,-17.04 ,-7.52 ,-2.7 ,19.87,,2.62%
2674,ハードオフコーポレーション,2504,,-0.9 ,2514 ,4100 ,,,48455 ,0.08 ,0.25 ,,,,,0,97,75 ,2.21 ,10.09 ,0.52 ,0.09 ,17.05 ,8.86 ,19.47 ,35.75 ,-8.1 ,15.05,,3.67%
6071,ＩＢＪ,904,,-0.4 ,904 ,19000 ,,,225575 ,0.08 ,0.25 ,,,,,0,107,83 ,1.70 ,12.93 ,1.06 ,0.19 ,24.13 ,14.06 ,12.19 ,54.76 ,-12.1 ,42.53,,2.10%
7272,ヤマハ発動機,1816,,-0.9 ,1814 ,457700 ,,,5436630 ,0.08 ,0.25 ,,,,,0,81,63 ,3.84 ,10.37,0.10 ,0.07 ,13.50 ,8.97 ,105.70 ,120.32 ,-22.1 ,3.28,,2.75%
6544,ジャパンエレベーターＳＨＤ,1455,,-1.4 ,1462 ,56300 ,,,670620 ,0.08 ,0.25 ,,,,,0,148,115 ,2.21 ,29.44,1.62 ,0.45 ,35.90 ,20.00 ,18.18 ,31.03 ,,5.69,,1.44%
1808,長谷工コーポレーシヨン,2535,,-1.5 ,2550 ,74100 ,,,885545 ,0.08 ,0.25 ,,,,,0,43,33 ,1.79 ,10.04,0.75 ,0.06 ,11.85 ,8.12 ,13.43 ,21.83 ,-9.6 ,5.24,,3.94%
3923,ラクス,1070,,0.4 ,1073 ,136800 ,,,1646630 ,0.08 ,0.25 ,,,,,1,1506,1167 ,2.63 ,14.30 ,0.77 ,0.63 ,101.75 ,34.34 ,18.50 ,17.50 ,35.3 ,7.21,,0.75%
7730,マニー,1473,,-0.5 ,1474 ,22200 ,,,271915 ,0.08 ,0.24 ,,,,,0,65,50 ,1.82 ,21.34,1.73 ,0.53 ,12.00 ,28.05 ,12.33 ,21.67 ,,7.22,,2.78%
7826,フルヤ金属,11400,,-3.3 ,11535 ,41600 ,,,509750 ,0.08 ,0.24 ,,,,,0,85,66 ,1.44 ,15.84 ,2.31 ,0.29 ,22.54 ,26.24 ,6.85 ,7.75 ,-4.3 ,12.82,,1.58%
3093,トレジャー・ファクトリー,1938,,-1.0 ,1939 ,11300 ,,,140855 ,0.08 ,0.24 ,,,,,0,81,63 ,1.69 ,12.8,1.11 ,0.10 ,27.81 ,9.69 ,11.51 ,24.68 ,-8.7 ,29.79,,2.37%
4183,三井化学,2120,,-2.0 ,2124 ,203200 ,,,2556930 ,0.08 ,0.24 ,,,,,0,7,5 ,1.43 ,15.77 ,1.27 ,0.05 ,5.71 ,4.37 ,12.47 ,26.24 ,-26.4 ,11,,3.54%
6963,ローム,5242,,-2.5 ,5251 ,241000 ,,,3077760 ,0.08 ,0.23 ,,,,,0,24,18 ,4.42 ,51.9,0.23 ,0.44 ,5.13 ,7.06 ,230.28 ,236.28 ,2.2 ,5.11,,0.95%
3491,ＧＡＴＥＣＨＮＯＬＯＧＩＥＳ,1283,,-2.5 ,1292 ,23600 ,,,304260 ,0.08 ,0.23 ,,,,,0,34,26 ,3.74 ,9.64,0.24 ,0.02 ,16.49 ,3.10 ,40.85 ,70.62 ,,101.4,,1.01%
6740,ジャパンディスプレイ,41,,0.0 ,41 ,1224900 ,,,15904875 ,0.08 ,0.23 ,,,,↓↓,0,0,0 ,,0,0.00 ,0.14 ,,,-100.00 ,-200.00 ,,5.29,,0.00%
5139,オープンワーク,912,,-0.8 ,914 ,800 ,,,10850 ,0.07 ,0.22 ,,,,↑↓,0,105,80 ,2.99 ,19.52,0.94 ,0.42 ,12.65 ,23.39 ,20.83 ,54.17 ,55.1 ,0,,0.99%
6448,ブラザー工業,4641,,-1.3 ,4659 ,86100 ,,,1171680 ,0.07 ,0.22 ,,,,,0,40,31 ,2.05 ,13.34,0.86 ,0.13 ,11.32 ,9.18 ,15.53 ,25.21 ,0.0 ,4.13,,2.15%
6856,堀場製作所,25955,,-0.7 ,25862 ,17700 ,,,245155 ,0.07 ,0.22 ,,,,,1,123,94 ,3.43 ,21.81,0.68 ,0.33 ,13.71 ,18.32 ,32.08 ,46.76 ,18.5 ,5.71,,3.04%
3661,エムアップホールディングス,817,,-1.0 ,817 ,27000 ,,,403470 ,0.07 ,0.20 ,,,,,1,193,147 ,2.59 ,16.47 ,1.03 ,0.19 ,37.04 ,16.11 ,16.00 ,29.56 ,51.9 ,17.97,,2.94%
3393,スターティアホールディングス,3065,,-1.0 ,3072 ,2600 ,,,39300 ,0.07 ,0.20 ,,,,,0,115,87 ,1.89 ,11.37 ,1.19 ,0.13 ,29.99 ,13.65 ,9.57 ,18.81 ,30.8 ,8.4,,4.73%
6560,エル・ティー・エス,1802,,-0.8 ,1804 ,1100 ,,,16785 ,0.07 ,0.20 ,,,,,1,123,93 ,3.38 ,7.46,0.22 ,0.05 ,21.18 ,8.74 ,34.45 ,41.47 ,4.6 ,79.92,,2.22%
4064,日本カ－バイド,3705,,-2.6 ,3724 ,6100 ,,,93290 ,0.07 ,0.20 ,,,,,0,20,15 ,1.75 ,11.14 ,1.14 ,0.07 ,7.99 ,8.65 ,9.76 ,13.96 ,11.1 ,15.23,,3.62%
5137,スマートドライブ,292,,-1.4 ,293 ,19800 ,,,305975 ,0.06 ,0.19 ,,,,,1,552,419 ,4.59 ,16.04 ,0.18 ,0.38 ,51.00 ,16.22 ,90.51 ,149.54 ,11.8 ,2.3,,0.00%
6787,メイコー,26430,,-1.8 ,26590 ,40900 ,,,660440 ,0.06 ,0.19 ,,,,↑↑,1,165,125 ,4.35 ,25.12,0.46 ,0.29 ,20.90 ,11.88 ,54.47 ,87.47 ,,8.13,,0.61%
5889,ＪＡＰＡＮＥＹＥＷＥＡＲＨＯ,2134,,-1.3 ,2143 ,13300 ,,,215895 ,0.06 ,0.18 ,,,,,0,298,225 ,1.92 ,11.75,0.83 ,0.28 ,22.55 ,33.01 ,14.09 ,24.85 ,-1.6 ,4922,,4.03%
4674,クレスコ,1902,,-1.4 ,1913 ,9400 ,,,154360 ,0.06 ,0.18 ,,,,,0,96,72 ,2.76 ,13.65 ,0.65 ,0.12 ,16.78 ,11.19 ,21.03 ,31.54 ,29.1 ,15.71,,4.21%
4373,シンプレクスＨＤ,1154,,-0.6 ,1159 ,99700 ,,,1679240 ,0.06 ,0.18 ,,,,,0,186,140 ,2.22 ,20.71 ,1.07 ,0.47 ,24.19 ,24.57 ,19.44 ,38.69 ,-6.6 ,2.55,,2.08%
5105,ＴＯＹＯＴＩＲＥ,3971,,-1.4 ,3975 ,83400 ,,,1433055 ,0.06 ,0.17 ,,,,,0,142,107 ,1.04 ,7.88 ,,0.08 ,14.09 ,15.16 ,-3.49 ,0.73 ,6.3 ,10.18,,3.40%
6208,石川製作所,1675,,-1.5 ,1676 ,24400 ,,,423400 ,0.06 ,0.17 ,,,,,0,17,13 ,1.00 ,16.32,-0.69 ,0.06 ,10.42 ,5.26 ,-23.66 ,-20.96 ,#DIV/0!,5.08,,1.19%
7731,ニコン,1908,,-0.2 ,1919 ,101800 ,,,1768745 ,0.06 ,0.17 ,,,,,0,1,1 ,3.00 ,62.74,1.25 ,0.09 ,1.71 ,1.51 ,50.00 ,57.35 ,-5.7 ,1.36,,1.05%
7033,マネジメントソリューションズ,1553,,-1.3 ,1560 ,4400 ,,,81220 ,0.05 ,0.16 ,,,,,0,95,71 ,1.87 ,11.99,1.26 ,0.11 ,31.11 ,11.54 ,9.49 ,22.04 ,30.4 ,7.32,,3.22%
4165,プレイド,710,,-0.6 ,712 ,16000 ,,,295440 ,0.05 ,0.16 ,,,,,0,46,34 ,4.98 ,47.65 ,0.91 ,0.22 ,11.88 ,10.58 ,52.45 ,106.18 ,28.7 ,2.95,,0.00%
2897,日清食品ＨＤ,2848,,-0.3 ,2861 ,59800 ,,,1149820 ,0.05 ,0.16 ,,,,,0,11,8 ,1.36 ,17.51 ,2.23 ,0.11 ,9.02 ,7.81 ,7.87 ,16.99 ,-7.9 ,1.86,,2.46%
3935,エディア,715,,-0.4 ,714 ,1400 ,,,26960 ,0.05 ,0.16 ,,,,,1,264,197 ,2.97 ,6.86 ,0.29 ,0.10 ,38.19 ,10.38 ,23.60 ,37.33 ,31.0 ,0,,2.38%
4477,ＢＡＳＥ,377,,-1.3 ,379 ,94400 ,,,1865705 ,0.05 ,0.15 ,,,,↑↑,0,32,24 ,3.94 ,29.00 ,0.85 ,0.21 ,10.10 ,7.99 ,34.32 ,71.52 ,41.5 ,1356,,1.33%
9090,ＡＺ－ＣＯＭ丸和ホールディ,826,,-0.1 ,823 ,29500 ,,,589800 ,0.05 ,0.15 ,,,,,0,29,22 ,2.00 ,13.38,0.84 ,0.05 ,13.30 ,5.52 ,15.97 ,24.43 ,-6.6 ,1.46,,3.87%
5542,新報国マテリアル,1257,,-2.6 ,1266 ,8100 ,,,163945 ,0.05 ,0.15 ,,,,,0,82,61 ,4.54 ,13.06,0.16 ,0.16 ,10.57 ,11.64 ,82.40 ,114.17 ,9.2 ,0,,2.39%
4274,細谷火工,1077,,-2.2 ,1084 ,11600 ,,,236080 ,0.05 ,0.15 ,,,,,0,10,7 ,1.20 ,19.58,8.48 ,0.20 ,6.33 ,14.22 ,2.31 ,4.18 ,#DIV/0!,0,,1.21%
3659,ネクソン,2582,,-1.3 ,2600 ,183600 ,,,3761535 ,0.05 ,0.15 ,,,,,0,143,106 ,1.16 ,17.5,,0.42 ,10.74 ,,-100.00 ,-200.00 ,31.7 ,13.37,,18.40%
6200,インソース,669,,-0.6 ,671 ,23100 ,,,527150 ,0.04 ,0.13 ,,,,,0,246,182 ,1.80 ,12.79 ,1.91 ,0.38 ,35.34 ,39.88 ,6.69 ,17.03 ,50.9 ,18.24,,5.23%
6031,ＺＥＴＡ,273,,-0.7 ,274 ,1700 ,,,43355 ,0.04 ,0.12 ,,,,,1,427,314 ,2.74 ,17.96 ,0.68 ,0.38 ,36.80 ,23.81 ,26.26 ,39.17 ,-1.0 ,24.27,,1.65%
5032,ＡＮＹＣＯＬＯＲ,3025,,-0.5 ,3032 ,25900 ,,,698830 ,0.04 ,0.11 ,,,,,0,369,271 ,1.91 ,13.18 ,1.66 ,0.33 ,50.99 ,36.15 ,7.92 ,16.18 ,75.4 ,15.51,,2.05%
6176,ブランジスタ,974,,-1.4 ,977 ,7000 ,,,200905 ,0.03 ,0.10 ,,,,,1,515,377 ,2.90 ,7.04 ,0.27 ,0.27 ,29.83 ,25.89 ,26.09 ,33.78 ,11.5 ,0,,6.67%
5892,ＹＵＴＯＲＩ,2977,,-0.8 ,2998 ,4000 ,,,121000 ,0.03 ,0.10 ,,,,,1,130,95 ,2.89 ,20.3,0.64 ,0.11 ,32.76 ,7.68 ,31.48 ,61.76 ,-13.1 ,0,,0.00%
5036,日本ビジネスシステムズ,1578,,-0.8 ,1573 ,3300 ,,,134740 ,0.02 ,0.07 ,,,,,0,67,48 ,2.33 ,10.16,0.51 ,0.04 ,24.51 ,4.20 ,19.89 ,45.33 ,,11.61,,3.17%
7134,アップガレージグループ,1441,,-0.4 ,1441 ,200 ,,,9050 ,0.02 ,0.07 ,,,,↑↑,0,97,70 ,3.21 ,12.56,0.46 ,0.07 ,17.68 ,8.24 ,27.27 ,37.66 ,27.3 ,239.3,,2.95%
607A,エブリー,247,,-1.2 ,247 ,27900 ,,,1509765 ,0.02 ,0.06 ,,,,↑↑,1,154,110 ,5.41 ,11.12,0.17 ,0.11 ,25.45 ,9.06 ,63.58 ,79.88 ,57.6 ,0,,0.00%
4476,ＡＩＣＲＯＳＳ,1084,,-0.3 ,1083 ,200 ,,,10965 ,0.02 ,0.05 ,,,,↑↑,1,130,93 ,5.30 ,11.45,0.19 ,0.11 ,17.21 ,11.32 ,61.73 ,89.44 ,44.9 ,0,,0.00%
4440,ヴィッツ,2402,,-1.2 ,2423 ,25200 ,,,1687145 ,0.01 ,0.04 ,,,,↑↑,0,30,21 ,2.23 ,21.35,1.83 ,0.21 ,14.85 ,11.20 ,11.64 ,27.90 ,52.8 ,8.45,,0.75%
3929,ソーシャルワイヤー,243,,0.4 ,242 ,500 ,,,37345 ,0.01 ,0.04 ,,,,,0,119,85 ,4.62 ,8.61,0.10 ,0.08 ,18.58 ,9.64 ,87.22 ,112.87 ,12.5 ,0,,0.00%
6091,ウエスコホールディングス,925,,-0.4 ,926 ,400 ,,,32915 ,0.01 ,0.04 ,,,,,0,4,3 ,1.50 ,14.27,2.45 ,0.07 ,4.98 ,6.34 ,5.83 ,7.00 ,0.0 ,30.43,,4.32%
4493,サイバーセキュリティクラウド,0,,0.0 ,0 ,0 ,,,3218615 ,0.00 ,0.00 ,,,,↑↑,0,0,0 ,,33.04,3.63 ,0.58 ,,20.00 ,9.09 ,27.20 ,63.5 ,2.55,,######
153A,カウリス,0,,0.0 ,0 ,0 ,,,505930 ,0.00 ,0.00 ,,,,↑↑,0,0,0 ,,41.36,1.36 ,1.06 ,,32.24 ,30.39 ,48.25 ,63.8 ,2.05,,######
Update:2026/10/08 09:20:16,,,,,,,,,,,,,,,,,,,,,,,,,,,,,,
